{"behavior": [], "w": 700, "h": 500, "population_size": 30, "seed": null, "padding": 15, "agent_config": {"type": "HeterogeneousSwarmConfig", "sub_population_configs": [{"type": "UnicycleAgentConfig", "x": null, "y": null, "angle": null, "seed": null, "dt": 0.13, "agent_radius": 7.55, "wheel_radius": 2.0, "body_color": [0, 0, 255], "body_filled": true, "controller": [-2.0, -0.6, -20.0, -0.5], "sensors": {"sensors": [{"type": "BinaryFOVSensor", "theta": 0.12217304763960307, "bias": -0.06981317007977318, "fp": 0.1, "fn": 0.05, "time_step_between_sensing": 2, "store_history": false, "use_goal_state": false, "wall_sensing_range": 60.4, "goal_sensing_range": 10, "agent_sensing_range": 181.2}], "custom_state_decision": null}, "idiosyncrasies": true, "stop_on_collision": false, "trace_length": null, "trace_color": null}, {"type": "UnicycleAgentConfig", "x": null, "y": null, "angle": null, "seed": null, "dt": 0.13, "agent_radius": 7.55, "wheel_radius": 2.0, "body_color": [255, 0, 0], "body_filled": true, "controller": [5.0, 0.3, 12.0, 0.0], "sensors": {"sensors": [{"type": "BinaryFOVSensor", "theta": 0.12217304763960307, "bias": -0.06981317007977318, "fp": 0.1, "fn": 0.05, "time_step_between_sensing": 2, "store_history": false, "use_goal_state": false, "wall_sensing_range": 60.4, "goal_sensing_range": 10, "agent_sensing_range": 181.2}], "custom_state_decision": null}, "idiosyncrasies": true, "stop_on_collision": false, "trace_length": null, "trace_color": null}], "counts": [20, 10]}, "show_walls": true, "collide_walls": true, "stop_at": null, "objects": [], "goals": [], "background_color": [0, 0, 0], "metadata": null, "agent_init": [[100, 91, 5.3803987354890035], [100, 293, 1.8260475859769805], [100, 359, 3.7188249525182417], [100, 208, 1.2001312858649444], [100, 309, 4.131922111727298], [100, 365, 0.09734764985486967], [100, 199, 2.243918602248035], [100, 317, 2.459016069599139], [100, 388, 3.8912327013776924], [100, 137, 0.31293226205138475], [100, 400, 0.5573454632916716], [100, 82, 4.530299889592947], [100, 177, 2.1405400655177518], [100, 83, 1.4049648975294826], [100, 261, 1.3420423042036311], [100, 186, 5.016866230483418], [100, 113, 5.493191640012635], [100, 335, 4.78564308017774], [100, 121, 4.763042659119686], [100, 228, 3.6384435089406537], [600, 274, 2.5043656265810754], [600, 286, 1.6245510358781599], [600, 368, 4.811873651956233], [600, 341, 3.987863860832281], [600, 310, 0.2875881381077418], [600, 323, 5.44386385082466], [600, 372, 0.7218957242721015], [600, 329, 3.0250753571517075], [600, 380, 6.26397222496872], [600, 314, 1.801134778260558]]}