,controller_0,controller_1,controller_2,controller_3,behavior_0,behavior_1,behavior_2,behavior_3,behavior_4,behavior_5,behavior_6
0,-0.4316706703350781,-0.5201568478902003,-2.548131832008261,0.3071326779721524,0.8627195428058821,-0.2426501599980288,0.2862778356836879,0.1986438475915859,-0.5222188895635967,0.0,0.265430865267788
1,2.2273549044943963,0.5548444596611615,1.752058754167396,-0.9523340266059799,1.0296094456581104,-0.29676981926258,0.0009227891031609952,0.08711921915014705,-1.0055890256184001,0.0,0.12536928994842764
2,-0.8753274651910636,0.19404654506496977,-4.54587393461023,0.5046249027922556,0.19907933930897292,-0.006680825960089383,1.0492660280884447,0.43292746106665836,-0.015507419982498619,0.0,0.6199114919937487
3,1.5893649618816785,-0.38717099126376775,3.6208598890431998,-0.23161576879698353,1.2461932577675032,0.1417798840926537,0.026442016944502184,0.014123830338980355,1.0363637694690924,0.0,0.02233000452249293
4,-3.9490988513259673,0.8551596556289636,3.028365697117966,-0.2645132068177687,2.833517994194321e-07,-2.4050085257852348e-08,0.029849441837912903,0.01324484485741384,-2.0930902696644021e-07,0.0,0.020278342195180894
5,3.9276997795992106,0.7326201904850349,-3.2191858575504826,-0.20008011220621835,0.42276800745272003,-0.03497644241370113,0.7641412856862863,0.3969623123809958,-0.11221489195298355,0.0,0.6277700729786545
6,4.3541683338806045,-0.5005306677982362,-1.2809799589542792,0.4639143826112424,1.3901609073039256,0.2518562315617572,0.05271789442395176,0.10836724730097229,0.772187801035712,0.0,0.15405689433223146
7,-3.56281841291052,-0.47086541282124506,3.5393313984765062,0.2390866426553111,4.0551432655793093e-16,1.835108809871147e-17,0.09374603475938528,0.06577994247841767,7.713285540933674e-17,0.0,0.05936577213841001
